,episode_rewards,weekly_moving_rewards,monthly_moving_rewards
0,-2486678.2940637385,,
1,-2238262.700877857,,
2,-2536771.030065791,,
3,-2502089.9525420335,,
4,-2258436.038319321,,
5,-2253283.1355669964,,
6,-2145044.6274744924,-2345795.11127289,
7,-2011254.4480892462,-2277877.4189908197,
8,-2155739.3126380914,-2266088.363527996,
9,-2057907.5551871962,-2197679.2956881966,
10,-2877222.810440944,-2251269.7039594697,
11,-1960843.2846707,-2208756.4534382382,
12,-1691686.7890404242,-2128528.4039344424,
13,-1513039.1086015874,-2038241.901238313,
14,-370100.7144412774,-1803791.3678600318,
15,-292650.34446317365,-1537635.8009779006,
16,-684962.695698577,-1341500.8210509552,
17,-1077476.6582386086,-1084394.227879193,
18,-2466780.7257919465,-1156671.005182228,
19,-3022370.6692444803,-1346768.702354236,
20,-2912747.0109034805,-1546726.9741116494,
21,-3269034.5746030626,-1960860.38270619,
22,-3605076.606707477,-2434064.1344553763,
23,-3290883.3834640807,-2806338.5184218767,
24,-2925732.09897309,-3070375.0099553736,
25,-3106027.032923367,-3161695.910974148,
26,-3663075.1481222226,-3253225.122242397,
27,-3308617.669257329,-3309778.0734358034,
28,-13704473.858224446,-4800555.113953143,
29,-3063315.961879946,-4723160.736120639,-2715052.808017166
30,-3549697.5011741193,-4760134.181507788,-2750486.781587512
31,-3625048.738487004,-4860036.558581204,-2796712.9828411504
32,-3081705.8915683688,-4856562.109816204,-2814877.4782245695
33,-3083261.3110177694,-4773731.561658425,-2834249.856840427
34,-3479922.2415844398,-4798203.643419442,-2874966.063615931
35,-3052531.0569372936,-3276497.5289498484,-2901607.660994941
36,-3046524.6855681064,-3274098.7751910137,-2931656.9962647283
37,-3040801.6844137707,-3201399.3727966784,-2965975.237475546
38,-3023324.6971714776,-3115438.795465889,-2994894.750293326
39,-3217124.547404588,-3134784.3177282056,-3033535.316700572
40,-3116702.9611745193,-3139561.6963220267,-3041517.9883916914
41,-2875495.136465947,-3053214.967019385,-3072006.3834515335
42,-3149739.7353439387,-3067101.9210774773,-3120608.148328317
43,-3113026.739846222,-3076602.2145457794,-3173941.0693698046
44,-3163925.333909654,-3094191.3073309055,-3267068.556685417
45,-3438481.884777593,-3153499.4769889223,-3371929.608029231
46,-3406263.1738880966,-3180519.2807722804,-3462639.623968882
47,-2989060.9208216453,-3162284.703579013,-3526359.0993883167
48,-2955627.84770839,-3173732.2337565045,-3542654.003452198
49,-3151967.719741331,-3174050.5172418463,-3546973.905135426
50,-3410883.2520351284,-3216601.4475545473,-3563578.446506481
51,-3522926.7557409564,-3267887.3649590192,-3572041.5192110776
52,-2675467.9420224903,-3158885.3731368617,-3541054.5637215776
53,-1812743.384586832,-2931239.6889509666,-3491783.2304256693
54,-1470897.1944633494,-2714359.1566140675,-3443288.7336086775
55,-1484957.97784082,-2504263.4609187,-3389253.0984392595
56,-1313858.1942678618,-2241676.3858510614,-3310945.8666441143
57,-1357155.0873919686,-1948286.6480448956,-3245897.1139152693
58,-1322165.2987580965,-1633892.1541902013,-2833153.4952663905
59,-1415059.6854269262,-1453833.8318194065,-2778211.619384623
60,-1289736.6185032835,-1379118.5795217569,-2702879.5899622617
61,-1466317.1460458548,-1378464.286890686,-2630921.8702142234
62,-1548497.9629875438,-1387541.4276259323,-2579814.939261529
63,-1284093.6988361287,-1383289.3568499705,-2519842.6855221414
64,-1421108.2420325272,-1392425.5217986219,-2451215.5522037446
65,-1438994.1347899174,-1409115.3555174533,-2397430.9881321653
66,-1332071.3019776975,-1397259.8721675635,-2340282.5420124847
67,-1325178.8859362644,-1402323.053229418,-2283095.1153965676
68,-1464912.7261123129,-1402122.4218103406,-2231148.0496945954
69,-1417871.4901945838,-1383461.497125632,-2171172.9477875954
70,-1305869.383599414,-1386572.3092346727,-2110811.828535092
71,-1404725.4090176204,-1384231.9045182574,-2061786.1709534812
72,-1263297.6523007005,-1359132.4070197977,-1998904.7681853732
73,-1375700.275095516,-1365365.1174652001,-1940993.8860270162
74,-1315492.5543789282,-1363981.3558141522,-1879379.4600426587
75,-1419725.5961721938,-1357526.0515369922,-1812087.5837558121
76,-1447427.130994943,-1361748.2859370434,-1746793.0489927072
77,-1331065.7311399104,-1365347.7641571146,-1691526.5426699826
78,-1314510.196457233,-1352459.8766484878,-1636822.6209616107
79,-1355180.8199181356,-1365586.0434509784,-1576929.7243008376
80,-1367028.9664935512,-1364347.285079269,-1508801.2481161184
81,-1313232.8750352543,-1364024.4737444583,-1435144.7854259284
82,-1411700.0573483142,-1362877.96819819,-1393019.1892701227
83,-1335574.9708627355,-1346899.088179303,-1377113.5754793196
84,-1412959.3209075914,-1358598.1724318287,-1375182.3130274608
85,-1023190.038270836,-1316981.0069766291,-1359790.0483751283
86,-1050855.2138190437,-1273505.9203910448,-1351023.2823601675
87,-891898.5986767362,-1205630.153560071,-1335514.7327363265
88,-933869.1097648807,-1151435.3299500179,-1322571.5264365526
89,-1087334.9171580148,-1105097.452779975,-1311647.3674942555
90,-924403.3285193976,-1046358.6467309269,-1299469.5911614595
91,-1006280.5568850248,-988261.6804419889,-1284135.038189432
92,-935371.2103184288,-975716.133591645,-1263697.4797671281
93,-1076413.1693736902,-979367.2700994516,-1256774.7954517135
94,-937730.7919785416,-985914.7262854239,-1240662.2137832472
95,-1012635.8947802064,-997167.1241447561,-1226450.2724495903
96,-1034286.4689435714,-989588.7743998356,-1216524.111348453
97,-1039688.0407327169,-1006058.0190017384,-1207007.749841668
98,-1215207.6661494714,-1035904.7488966595,-1198684.2478429067
99,-1341603.9996409162,-1093938.0045141575,-1196141.9981577846
100,-1361482.0891706639,-1134662.1359137252,-1197995.7550101595
101,-1130976.3239123346,-1162268.6404756957,-1188870.78550665
102,-1344087.7964428775,-1209618.9121417918,-1191563.7903113891
103,-1349206.647178548,-1254607.5090325025,-1190680.6693808236
104,-1335186.427311861,-1296821.5642580946,-1191337.1318119213
105,-1146437.5308559418,-1286997.259216162,-1182227.529634713
106,-1204023.2748923062,-1267342.8699663605,-1174114.067764625
107,-1120410.9126190965,-1232904.1304589938,-1167092.2404805978
108,-1221421.207161217,-1245824.828065977,-1163989.2741707307
109,-1078318.4171604188,-1207857.7738827686,-1154760.5274121403
110,-1049982.0192419135,-1165111.3984632494,-1144192.2958370857
111,-1104268.3456681953,-1132123.101085583,-1137226.8115248503
112,-1225349.0676849235,-1143396.1777754375,-1131015.1118694043
113,-1025589.6541424321,-1117905.6605254556,-1120682.2679787274
114,-1174069.447401082,-1125571.1654943107,-1112719.272195177
115,-1172960.4963945304,-1118648.2068133554,-1117711.6207993003
116,-1109972.5114270619,-1123170.2202800189,-1119682.1973862343
117,-1060046.1928342532,-1124607.959364639,-1125287.117191485
118,-1268819.3188911353,-1148115.2412536305,-1136452.12416236
119,-1186502.225940729,-1142565.692433031,-1139757.7011217838
120,-1051795.0248608727,-1146309.3168213798,-1144004.090999833
121,-1145741.8816915837,-1142262.5217200231,-1148652.8018267183
122,-1017068.4088020101,-1119992.2234925202,-1151376.0417761707
123,-1237047.0598633697,-1138145.7304119929,-1156730.5047924933
124,-1030953.5637724448,-1133989.6405460204,-1159837.930518957
125,-1070648.3177897015,-1105679.4975315297,-1161771.677952607
126,-1011584.4896620755,-1080691.249491722,-1161014.9453098902
127,-1257671.4828941738,-1110102.1720679079,-1168281.0600486055
128,-1066745.468955593,-1098816.9702484806,-1163332.3201421427
129,-868544.2216550236,-1077599.2292274826,-1147563.6608759463
130,-672039.6424369346,-996883.8838808489,-1124582.245984822
131,-631681.1622571369,-939844.9693786621,-1107939.0739296486
132,-572283.1346898662,-868649.9432215428,-1082212.251871215
133,-563615.2899047304,-804654.3432562078,-1056025.873295421
134,-647562.9405780382,-717495.9800681883,-1033105.0904042937
135,-630258.7670809152,-655140.7369432343,-1015899.1316117927
136,-663499.7444922071,-625848.6687771176,-997881.6805984561
137,-583048.3413605903,-613135.6257662113,-979969.5948898393
138,-556571.7785963931,-602405.7138146765,-957807.9472710118
139,-552054.5741686196,-599515.9194544983,-940265.8191712851
140,-598885.0089040954,-604554.450740122,-925229.2521600245
141,-620393.0634634997,-600673.0397237594,-909100.0760865345
142,-605705.1750883163,-597165.3837248167,-888445.2796666477
143,-648231.648201969,-594984.2271119255,-875866.6794686322
144,-620329.1614366921,-600310.0585513685,-857408.6699364859
145,-675919.6574421338,-617359.7555293316,-840840.6419714061
146,-561663.6647687322,-618732.4827579191,-822563.6804161284
147,-617760.6554665938,-621429.0036954188,-807820.8291705397
148,-803823.1405582892,-647633.3004232459,-792320.9565594449
149,-570862.6420696075,-642655.7957062876,-771799.6370970741
150,-581266.8289862177,-633089.3929611804,-756115.3639012522
151,-571556.1776877645,-626121.8238541906,-736975.8404344582
152,-522407.3499196266,-604191.4942081182,-720487.1384717121
153,-578910.539812993,-606655.3335001555,-698549.254470033
154,-584431.5403448688,-601894.0313399091,-683665.1870224471
155,-638424.1638982927,-578265.6061027667,-669257.7152260669
156,-628825.1513122946,-586545.9645660077,-656499.0706144074
157,-662804.3978141025,-598194.188684277,-636670.167778405
158,-595357.3719368232,-601594.3592912855,-620957.2312111128
159,-612749.189616459,-614500.336390833,-612430.7301431608
160,-796100.6233870643,-645527.4911871289,-616566.0961748317
161,-610343.7478569073,-649229.2351174202,-615854.8490281573
162,-617638.0811477876,-646259.7947244907,-617366.6805767546
163,-651666.3219104086,-649522.8190956499,-620301.7149769438
164,-729739.5066127346,-659084.9774954545,-623040.9338447669
165,-667907.2296191191,-669449.2428786397,-624295.8825960404
166,-651793.9969811058,-675027.0725021607,-623905.6910123371
167,-690668.2901173976,-659965.310606494,-627493.022637564
168,-560677.4368751568,-652870.1233233868,-627629.8779135228
169,-594810.7883669832,-649609.0814975575,-629055.0850534682
170,-514061.0022755454,-629951.178692577,-626227.6181658499
171,-640903.00499791,-617260.2498904591,-626911.2828836635
172,-593056.8135843081,-606567.3333140576,-626489.67083353
173,-551190.2043163382,-592195.3629333766,-623254.9560373423
174,-508697.63842664205,-566199.5555489829,-619533.9052703406
175,-455409.64504526317,-551161.2995732838,-612183.5715237783
176,-578869.6870704975,-548883.9993880715,-612757.1056005037
177,-505844.0538093094,-547710.1496071807,-609026.5522119276
178,-511569.8370775268,-529233.9827614117,-599284.7754292357
179,-530683.2340684012,-520323.4714019964,-597945.4618291954
180,-513069.74879402877,-514877.6920416664,-595672.2258227892
181,-480079.2747457516,-510789.35437296785,-592622.9957247222
182,-754868.3389293518,-553569.1677849804,-600371.6953583795
183,-569945.1824276684,-552294.2385502906,-600072.850112202
184,-564380.3680456225,-560656.5691554782,-599404.4777022271
185,-689271.5786836431,-586042.5322420663,-601099.3915284055
186,-506813.8651673741,-582632.6223990625,-597032.3486569081
187,-592593.3374615379,-593993.1350658495,-594691.9799784893
188,-656837.111611574,-619244.2546181099,-596741.3046343144
189,-577709.7533073385,-593935.8852435366,-595573.3234240103
190,-592519.1544641199,-597160.738391601,-588787.2744599121
191,-518959.9262991708,-590672.1038563937,-585741.1470746542
192,-782033.2742793992,-603923.7746557873,-591220.986845708
193,-628295.18258461,-621278.2485725352,-590441.9488681814
194,-678112.53342283,-633495.2765670056,-588721.0497618514
195,-661576.9797585722,-634172.4005880052,-588510.0414331665
196,-663225.1368435959,-646388.8839503276,-588891.0794285828
197,-666872.4788118412,-657010.7874285736,-588097.8857183976
198,-740776.9126739613,-688698.928339258,-594101.2015783577
199,-711894.4342818278,-678679.0940538907,-598003.9897755191
200,-694670.537067856,-688161.2875514972,-604024.3076019294
201,-643885.348885563,-683271.689760459,-604123.7190648512
202,-575787.3558212662,-671016.0291979868,-603548.0704727498
203,-623089.7820359382,-665282.4070826072,-605944.7230634033
204,-794122.8979752179,-683461.0383916609,-615458.8983816891
205,-573198.2126576935,-659521.2241036227,-619385.1839687701
206,-610123.5810196802,-644982.5307804587,-620426.980433743
207,-620004.6650314648,-634315.9776324028,-624232.3341411481
208,-611337.3684305347,-629666.2661388273,-627557.9185195818
209,-709561.6924188078,-648776.8856527619,-633520.5337979286
210,-507610.18016543036,-632279.7996712608,-633338.5481769752
211,-475979.189402278,-586830.698446555,-633201.878665526
212,-436767.1760934047,-567340.5503659423,-622598.5065709945
213,-618570.5261858305,-568547.2568182495,-624219.3513629332
214,-581911.2940480241,-563105.3466777579,-624803.7155630131
215,-597212.6285582026,-561087.5266959962,-621735.0838921651
216,-2046413.1905957798,-752066.3121498494,-673055.0614064452
217,-1036377.2807586016,-827604.4693774452,-687847.8595163473
218,-667498.3952503696,-854964.3559271727,-688203.2356376405
219,-2407359.7762281983,-1136477.5845178573,-749191.5697350024
220,-1121995.207333608,-1208395.3961103968,-766840.7714973188
221,-758965.5116932055,-1233688.8557739942,-774840.95767712
222,-658456.8247333666,-1242438.0266561604,-770721.7426922522
223,-647690.6107147642,-1042620.5152445866,-771368.2569632572
224,-823152.432617541,-1012159.8226530066,-776202.9202697476
225,-610786.6069447941,-1004058.1386093529,-774509.9078426217
226,-602035.9100133542,-746154.7291500896,-772470.2669482804
227,-694695.0045370768,-685111.8430362993,-773397.6844724548
228,-577526.9754553331,-659192.0521451747,-767956.0198985005
229,-548381.1690808288,-643466.9584805265,-762505.577725134
230,-578227.0148179237,-633543.5876381205,-758624.1269834695
231,-616061.5847601257,-603959.1808013469,-757696.6681792883
232,-595785.8235244493,-601816.2117412976,-758363.2837693944
233,-535851.5981598244,-592361.3100479363,-755455.3443068571
234,-600614.6381035337,-578921.2577002872,-749005.068977801
235,-547655.7333862607,-574653.9374047054,-748153.6530020866
236,-589804.6863028029,-580571.5827221303,-747476.356511524
237,-523668.471794701,-572777.5051473841,-744265.1500702985
238,-641011.5620900624,-576341.7876230894,-745254.2898589493
239,-620156.0396068809,-579823.2470634367,-742274.1014318852
240,-544011.1063926129,-580988.8910966922,-743487.4656394579
241,-474819.5613103937,-563018.1658405293,-743448.8113697284
242,-527642.1880517976,-560159.087935606,-746477.9784350082
243,-519570.16424130625,-550125.5847839636,-743177.9663701908
244,-543250.6048667465,-552923.0323656844,-741889.276730815
245,-519274.59151785186,-535532.0365696542,-739291.3421628032
246,-427398.3948289707,-507995.23017280997,-685324.1823039096
247,-439570.8935906331,-493075.19977252715,-665430.6360649773
248,-614350.5394889686,-513008.1966551807,-663659.0408729307
249,-535910.3460593394,-514189.36208482954,-601277.3932006354
250,-487647.95144493924,-509629.04597106285,-580132.4846710131
251,-579135.7221690591,-514755.49129996466,-574138.1583535415
252,-527946.1934148258,-515994.291570961,-569787.8039762569
253,-502764.8737635154,-526760.9314187531,-564956.946077882
254,-537636.0587593396,-540770.2407285682,-555439.733615942
255,-511284.0830379553,-526046.4612355663,-552122.9828190473
256,-506173.12910038955,-521798.28738428786,-548927.5567886151
257,-490243.6063917389,-522169.0952338307,-542112.5101837704
258,-426487.5144125051,-500362.2084114658,-537077.8614823428
259,-517887.8038466909,-498925.29561601795,-536061.4159745382
260,-470988.74546715984,-494385.8487165385,-532486.8069961794
261,-530573.6760312603,-493376.93689824146,-529637.2100385505
262,-517855.4563587941,-494315.7045155042,-527039.5311330288
263,-571988.5542849797,-503717.9081133028,-528244.0963372006
264,-515048.16094321915,-507261.4159063714,-525391.8804318568
265,-459194.6397867178,-511933.86238840176,-522443.1773118721
266,-585239.3758487472,-521555.51553155266,-522291.0002967369
267,-618815.4267024699,-542673.6128508827,-525462.5654603292
268,-637311.1703497947,-557921.8263249589,-525339.219068987
269,-589245.7751433547,-568120.4432941818,-524308.8769202029
270,-577614.2942417926,-568924.1204308694,-525428.9831818421
271,-578628.0608187173,-578006.9632702263,-528889.2664987863
272,-562025.443817829,-592697.0781318137,-530035.3750243207
273,-634102.3911457036,-599677.5088885218,-533853.1159211339
274,-645495.1183551052,-603488.8934103269,-537261.2663707458
275,-541502.05887498,-589801.8774853534,-538002.1819493168
276,-489294.16808548477,-575523.0764770863,-540065.3743912005
277,-556250.9431785486,-572471.1691823371,-543954.7093774644
278,-484356.0325617343,-559003.7365741967,-539621.5591465565
279,-646619.2588541048,-571088.5672936647,-543311.8562397154
280,-550579.8235503017,-559156.771922893,-545409.5853098942
281,-473694.83501343656,-534613.8743026546,-541894.8890713735
282,-501940.0907757354,-528962.1645741911,-541028.0189834038
283,-474303.98916373285,-526820.7104425122,-540079.3228300777
284,-535442.3860975202,-523848.05943093676,-540006.200408017
285,-447224.1934537938,-518543.51098694524,-537870.8707552117
286,-538068.088481147,-503036.20093366556,-538934.0360679036
287,-563547.3399776731,-504888.70328043296,-541377.4938541014
288,-586754.0211361847,-521040.0155836827,-546719.7107448906
289,-624268.0578440094,-538515.439450579,-550265.719211468
290,-546134.5005365745,-548776.9410752706,-552770.5777137819
291,-639213.412791201,-563601.3734600821,-556391.9022724465
292,-575468.2543522574,-581921.953588434,-558312.3288722286
293,-611611.2587278286,-592428.1207665314,-559633.0856869904
294,-588380.5751010037,-595975.7257841501,-562077.4994922499
295,-593222.3938392256,-596899.7790274416,-566545.0912940002
296,-537478.6766321013,-584501.295997169,-564953.0679867787
297,-538462.6029824232,-583405.3106322902,-562274.6405294439
298,-625434.8749642463,-581436.9480855825,-561878.7640165922
299,-700708.0380953636,-599328.345763169,-565594.172781659
300,-613342.5366025501,-599575.6711738434,-566785.1141936842
301,-732624.3124189224,-620181.9193621175,-571918.3225803578
302,-538544.3924764046,-612370.7763102861,-571135.620868977
303,-613505.2162652666,-623231.7105435954,-570449.0483729624
304,-582844.590326845,-629571.9944499413,-568360.6974386871
305,-463985.80375593796,-606507.841420183,-565776.8222680524
306,-566199.6508778728,-587292.35753197,-568340.3383611321
307,-500137.03709377337,-571120.1433164304,-566469.8748249728
308,-763090.4073233347,-575472.4425884893,-575761.0206503595
309,-611088.249357572,-585835.8507143704,-574576.6536671418
310,-556758.0601607718,-577729.114128014,-574782.5948874907
311,-605823.2175033301,-581011.7751532261,-579186.8743038204
312,-743199.6274482217,-620899.4642521237,-587228.8588595701
313,-662311.0133179054,-634629.6588864141,-593495.7596647091
314,-733802.0022086928,-668010.3681885455,-600107.7468684148
315,-813060.6392381574,-675148.9727478059,-612302.2950612269
316,-601226.6688061393,-673740.1755261727,-614407.58107206
317,-636052.4106156345,-685067.9398768673,-616824.416759992
318,-580785.2391582509,-681491.0858275704,-616625.4573607276
319,-1140747.436174386,-738283.6299313082,-633841.4366384068
320,-1007476.4150150956,-787592.9730309069,-649219.5004543574
321,-1001710.8332678886,-825865.6631822205,-661302.7478035804
322,-850458.0256046923,-831208.1469488684,-670469.0735119949
323,-989799.7538676012,-886718.5876719344,-683075.3566833206
324,-1227648.5372912039,-971232.3200541586,-704384.2887563272
325,-773883.507019184,-998817.7868914346,-710406.3258623258
326,-709097.2128519671,-937153.4692739461,-716126.9437363214
327,-560158.5102492279,-873250.9114502508,-716850.1406452148
328,-1000279.094856492,-873046.3773914798,-729344.9479749564
329,-901424.7789950238,-880327.3421615271,-736035.506004945
330,-582031.7344097962,-822074.7679532693,-734991.8125985201
331,-859442.5801055416,-769473.9169267461,-739219.0881880741
332,-856569.4531514642,-781286.1949456434,-749819.9235439093
333,-585586.786410281,-763641.8483111168,-748889.3092154098
334,-1051645.411340453,-833854.2627527203,-764516.0032491967
335,-643686.0281059302,-782912.3960740686,-770506.0107275298
336,-635207.7863448223,-744881.3971240398,-772806.2819097614
337,-609614.486316096,-748821.7902535113,-776455.5302171721
338,-848567.5220673524,-747268.2105337699,-779304.767375306
339,-867470.7749303624,-748825.5422164697,-787850.8515610656
340,-684225.4790553483,-762916.7840229078,-792099.7655242182
341,-656901.0500793295,-706524.732414176,-793802.3599434182
342,-745187.6620483288,-721024.9658345187,-793868.6277634219
343,-873721.4421296043,-755098.3452323446,-800915.6420571451
344,-1120151.8793250136,-828032.2585193329,-813793.9712943559
345,-555562.1868672773,-786174.3534907507,-805210.68954866
346,-543154.5314712321,-739843.4615680177,-803274.9516374965
347,-507370.2903136203,-714578.4346049138,-798985.5476274292
348,-880083.1872286364,-746461.5970548148,-808962.1458964421
349,-906630.1098560075,-769524.8038844832,-801158.2350191628
350,-659455.7505680223,-738915.4193756857,-789557.5462042603
351,-594632.5986270194,-663841.2364188294,-775988.2717162314
352,-613649.1799545359,-672139.3782884378,-768094.6435278929
353,-608441.4299086736,-681466.0780652153,-755382.6993959286
354,-867772.3464098333,-732952.0860789599,-743386.8263665497
355,-641117.9930712621,-698814.2011993349,-738961.3092349523
356,-602595.71889846,-655380.7167768282,-735411.259436502
357,-825827.3740595317,-679148.0915613296,-744266.8882301789
358,-661132.0666624598,-688648.0155663925,-732961.9872903778
359,-652871.610705676,-694251.2199594124,-724676.881680733
360,-801184.8526467219,-721785.9946362764,-731981.9856219639
361,-535908.4906104524,-674376.872379222,-721197.5159721276
362,-685611.6622660594,-680733.1108356217,-715498.9229426141
363,-611876.167371974,-682058.8891889808,-716375.2356413372
364,-638327.1627780795,-655273.144720202,-702597.9606892581
365,-504808.350788272,-632941.1853096037,-697968.7047786695
366,-590219.4653213555,-623990.8788261294,-696469.0940778872
367,-805161.454122362,-624558.9647512209,-702987.326338096
368,-657211.1595501784,-641887.917456896,-696608.780920857
369,-901067.6406120926,-672667.3429349008,-697728.6764435812
370,-654403.6163540361,-678742.692789481,-696734.6143535376
371,-701042.9387666547,-687702.0893592775,-698206.010643115
372,-704503.0284485018,-716229.900453596,-696849.8561897875
373,-809002.0158495334,-747484.55052905,-694692.5419804518
374,-784187.2883211185,-744488.2411288724,-683493.722280322
375,-813992.1320827962,-766885.5229192463,-692108.053787506
376,-530257.309264945,-713912.6184410824,-691678.1463806297
377,-773706.115999433,-730955.8326761391,-700556.0072368236
378,-466859.12244583806,-697501.0017731653,-686781.8717440636
379,-693658.9642512614,-695951.849744988,-679682.8335572388
380,-831690.9449995335,-699193.1253378453,-685424.006704956
381,-630915.0957404332,-677297.0978263187,-686633.4232754031
382,-526889.6932866263,-636282.4637125803,-683741.4403864727
383,-431514.2282063081,-622176.3092756321,-677843.8669963939
384,-1002579.0882640879,-654872.4481705829,-682337.4250582024
385,-823252.5575823074,-705785.7960472213,-688408.5772085706
386,-605352.2271400848,-693170.5478884819,-688500.4608166247
387,-562126.4244172086,-654661.3306624355,-679710.4291618805
388,-585650.1602493597,-648194.9113065678,-677194.3656147772
389,-691493.4962736893,-671709.7403047197,-678481.7618003775
390,-522484.52315488405,-684705.4967259448,-669191.7508173162
391,-758696.2182799703,-649865.0867282137,-676618.0084063001
392,-510793.9512665359,-605228.1429688177,-670790.7513729825
393,-465077.3481570031,-585188.8745426632,-665897.4573991502
394,-506655.0876229115,-577264.3978577637,-661508.3882273113
395,-481462.75301004405,-562380.4825378613,-660730.2016347037
396,-582301.9621483211,-546781.691948523,-660466.2848622692
397,-731763.3037397276,-576678.6606035007,-658019.6798495147
398,-833028.3985652438,-587297.5435013969,-663880.2544833502
399,-659343.5458338439,-608518.9141538695,-655822.7846574087
400,-607090.8292346993,-628806.5543078261,-654245.6917534308
401,-508418.2700320948,-629058.437509138,-647824.8694622789
402,-962343.1530964328,-697755.6375214793,-656419.5402838766
403,-913304.4290353922,-745041.7042196324,-659896.2873900718
404,-725700.4115094815,-744175.5767581686,-657946.7248296838
405,-568865.5902049146,-706438.032706693,-649775.840100421
406,-619435.8606225217,-700736.9348193613,-652748.4584790069
407,-620776.7071072033,-702692.0602297189,-647650.8115159326
408,-660218.1865894111,-724377.7625950499,-654096.1136540517
409,-567502.6587151475,-667971.9776834378,-649890.9034695146
410,-551841.2242868096,-616334.3770050687,-640562.5794457571
411,-698311.7074171009,-612421.7049918715,-642809.1331683126
412,-608708.4854641787,-618113.5471717665,-645536.4262408976
413,-491342.21946799057,-599814.455578262,-647530.6926162872
414,-655069.9164938388,-604713.4854906385,-635947.0535572788
415,-560935.1226220761,-590530.1906381621,-627203.1390586045
416,-877391.8799930676,-634800.0793921507,-636271.1274870372
417,-628907.3267851454,-645809.5226061987,-638497.1575659685
418,-601421.3115566964,-631968.0374832837,-639022.8626095464
419,-619012.0854463415,-633439.9803378785,-636606.8155819682
420,-717952.6422191344,-665812.8978737561,-643122.4195507765
421,-648868.1476476295,-664926.9308957262,-639461.4838630318
422,-565111.6863120274,-665523.5828514334,-641272.075031215
423,-578010.4453787731,-622754.8064779629,-645036.5116052739
424,-443814.45093713206,-596312.9670711039,-642941.823715748
425,-626479.1103611984,-599892.6526146041,-647775.7022941199
426,-581251.6971312657,-594498.3114267362,-647740.693460218
427,-721419.0220766105,-594993.5085492327,-647395.8840714474
428,-699292.2916669715,-602196.957694853,-642938.0138415049
429,-566852.566754739,-602445.6549009547,-639854.9812055348
430,-742698.0019555532,-625972.4486976375,-644375.2202962299
431,-451502.0235840954,-627070.6733614894,-642478.0120812965
432,-761628.6468080705,-646377.7499967569,-635787.5285383511
433,-706708.357079923,-664300.1299894222,-628900.992806502
434,-584428.5419524101,-644730.0614002506,-624191.930487933
435,-645961.8982396637,-637111.4337677781,-626761.8074224248
436,-907485.3165684713,-685773.25516974,-636363.4559539563
437,-572017.6556352394,-661390.3485525523,-634738.1542382241
438,-528611.7386659731,-672406.0221356776,-630351.2726407761
439,-792111.0219035893,-676760.6471493233,-637838.2180803908
440,-488593.9949719338,-645601.4525624675,-635729.9771032283
441,-520340.6541939058,-636446.0400255385,-629797.6086624551
442,-410403.731016501,-602794.8732793723,-623187.4501808659
443,-761956.1214832857,-582004.988267203,-632207.9135813757
444,-615168.9835141196,-588169.4636784716,-630877.8824820517
445,-645283.916991227,-604836.9177249365,-633689.5089610234
446,-563817.036305849,-572223.4912109737,-623237.0141714495
447,-819189.0094426489,-619451.3504210758,-629579.7369266995
448,-566631.6441647254,-626064.3489883357,-628420.0813469671
449,-803629.0631955356,-682239.3964424835,-634573.9806052736
450,-602091.2616680325,-659401.5593260188,-630711.9345869035
451,-536830.9063842735,-648210.4054503264,-626977.359878125
452,-868517.8297112806,-680100.964410334,-637090.8979914335
453,-397659.8996602158,-656364.2306038149,-631079.2131341483
454,-570284.1505518948,-620806.3936194215,-635294.8697879737
455,-537149.0984201273,-616594.6013701932,-632317.2027232713
456,-523532.1117122927,-576580.7511583014,-630393.2165426388
457,-554301.5200050212,-569753.6452064426,-624822.6331402526
458,-439619.24257589586,-555866.2646623886,-616166.8648372166
459,-524220.7233165512,-506680.9637488558,-614745.803389277
460,-618251.6486829444,-538194.0707521028,-610597.5916135233
461,-474321.0668029335,-524485.0587879654,-611358.2263874846
462,-739329.491839059,-553367.9721335272,-610614.9212218509
463,-560930.4126445889,-558710.5865524266,-605755.6564073397
464,-631463.7577332786,-569733.7633707492,-607323.4969333687
465,-512170.8815229373,-580098.2832203265,-602863.7963761445
466,-605938.2725502588,-591772.2188251419,-592812.2282422041
467,-708599.1080234388,-604678.9987309268,-597364.9433218108
468,-777448.3102782943,-647982.8906559783,-605659.4957088882
469,-504176.6850709048,-614389.6325462421,-596061.6844811321
470,-643825.8601539823,-626231.8393332983,-601236.0799872002
471,-754053.5499720265,-643744.6667959765,-609026.509846471
472,-742187.8379633324,-676604.2320017471,-620085.980078032
473,-966380.484537869,-728095.9765714057,-626900.1255131848
474,-591446.8589651351,-711359.9409916481,-626109.3880282188
475,-711586.0864977576,-701951.0518801428,-628319.460345103
476,-657269.8424777859,-723821.5029382686,-631434.5538841677
477,-617145.2672347688,-720009.9896640952,-624699.7624772383
478,-696987.4810774858,-711857.6941077322,-629044.957040997
479,-751858.4700035095,-713239.2129706147,-627319.2706012628
480,-512935.3486568005,-648461.3364161764,-624347.4068342217
481,-375946.61725214747,-617675.5876000354,-618984.5971964841
482,-510742.62422230863,-588983.6644178283,-607058.7570135184
483,-750975.9883225864,-602370.2566813712,-618835.9599689307
484,-549718.2510879588,-592737.8258032555,-618150.4299867995
485,-709290.1504318486,-594495.3499967359,-623888.4650538568
486,-721448.5340017166,-590151.0734250512,-630485.679130171
487,-733887.3589941446,-621715.646330386,-636471.8737631418
488,-750940.9021701715,-675286.2584615322,-646849.2624162843
489,-769853.27014643,-712302.0650221211,-655037.0139772802
490,-736420.6176656624,-710222.7263568462,-658975.9796100375
491,-879773.5164794951,-757373.4785556371,-672491.061265923
492,-470587.8755535181,-723273.1535730184,-663533.0073897383
493,-662943.0061223925,-714915.2210188293,-666933.4271723317
494,-528913.2365334181,-685633.2035244397,-663515.0764656698
495,-743590.7480760718,-684583.1815109969,-671229.0720174408
496,-675858.300966848,-671155.3287710566,-673559.7396313271
497,-740808.4291814106,-671782.1589875921,-674633.3836699262
498,-553984.0817189186,-625240.8111646527,-667184.5760512804
499,-692737.1412789167,-656976.4205539953,-673469.9245915473
